{
  "by_group": {
    "accuracy": {
      "0": 0.8571428571428571,
      "1": 0.9166666666666666
    },
    "selection_rate": {
      "0": 0.3333333333333333,
      "1": 0.20833333333333334
    }
  },
  "overall": {
    "accuracy": 0.8888888888888888,
    "selection_rate": 0.26666666666666666
  },
  "disparity": 0.059523809523809534
}